ID,ccl,IC50,Hugo_Symbol,Variant_Classification
ACH-000926,HT55,1.4386,ADCY5,Missense_Mutation
ACH-000926,HT55,1.4386,ADCY5,Nonsense_Mutation
ACH-000926,HT55,1.4386,ADCY5,Splice_Site
ACH-000957,LS180,0.0721,ADCY5,Missense_Mutation
ACH-000820,SW403,0.1638,BCOR,Missense_Mutation
ACH-000926,HT55,1.4386,BCOR,Nonsense_Mutation
ACH-000926,HT55,1.4386,BCOR,Missense_Mutation
ACH-000971,HCT116,0.1097,BCOR,Frame_Shift_Ins
ACH-000971,HCT116,0.1097,BCOR,Missense_Mutation
ACH-000926,HT55,1.4386,DAPK1,Missense_Mutation
ACH-000957,LS180,0.0721,DAPK1,Missense_Mutation
ACH-000971,HCT116,0.1097,DAPK1,Missense_Mutation
ACH-001039,COLO205,0.0276,DAPK1,Missense_Mutation
ACH-000926,HT55,1.4386,DENND4A,Missense_Mutation
ACH-000957,LS180,0.0721,DENND4A,Missense_Mutation
ACH-000957,LS180,0.0721,DENND4A,Frame_Shift_Ins
ACH-000971,HCT116,0.1097,DENND4A,Frame_Shift_Del
ACH-000820,SW403,0.1638,DNAH7,Missense_Mutation
ACH-000957,LS180,0.0721,DNAH7,Frame_Shift_Del
ACH-000971,HCT116,0.1097,DNAH7,Frame_Shift_Del
ACH-001039,COLO205,0.0276,DNAH7,Missense_Mutation
ACH-000552,HT29,0.3554,FASTKD5,Nonsense_Mutation
ACH-000957,LS180,0.0721,FASTKD5,Frame_Shift_Del
ACH-000971,HCT116,0.1097,FASTKD5,Missense_Mutation
ACH-000971,HCT116,0.1097,FASTKD5,Frame_Shift_Del
ACH-000957,LS180,0.0721,LRRK2,Missense_Mutation
ACH-000971,HCT116,0.1097,LRRK2,Missense_Mutation
ACH-001039,COLO205,0.0276,LRRK2,Missense_Mutation
ACH-001039,COLO205,0.0276,LRRK2,Nonsense_Mutation
ACH-000552,HT29,0.3554,NCKAP5,Missense_Mutation
ACH-000957,LS180,0.0721,NCKAP5,Missense_Mutation
ACH-000971,HCT116,0.1097,NCKAP5,Missense_Mutation
ACH-000971,HCT116,0.1097,NCKAP5,Nonsense_Mutation
ACH-001039,COLO205,0.0276,NCKAP5,Missense_Mutation
ACH-000957,LS180,0.0721,NSFL1C,Frame_Shift_Del
ACH-000971,HCT116,0.1097,NSFL1C,Frame_Shift_Ins
ACH-001039,COLO205,0.0276,NSFL1C,Missense_Mutation
ACH-001039,COLO205,0.0276,NSFL1C,Frame_Shift_Ins
ACH-000926,HT55,1.4386,TAF1L,Missense_Mutation
ACH-000957,LS180,0.0721,TAF1L,Missense_Mutation
ACH-000957,LS180,0.0721,TAF1L,Frame_Shift_Del
ACH-000971,HCT116,0.1097,TAF1L,Frame_Shift_Del
ACH-001039,COLO205,0.0276,TAF1L,Frame_Shift_Ins
ACH-000957,LS180,0.0721,TESPA1,Nonsense_Mutation
ACH-000957,LS180,0.0721,TESPA1,Missense_Mutation
ACH-000971,HCT116,0.1097,TESPA1,Missense_Mutation
ACH-001039,COLO205,0.0276,TESPA1,Missense_Mutation
ACH-000926,HT55,1.4386,TLN2,Missense_Mutation
ACH-000971,HCT116,0.1097,TLN2,Missense_Mutation
ACH-001039,COLO205,0.0276,TLN2,Frame_Shift_Ins
ACH-001039,COLO205,0.0276,TLN2,Missense_Mutation
ACH-000957,LS180,0.0721,ZNF358,Frame_Shift_Del
ACH-000971,HCT116,0.1097,ZNF358,Frame_Shift_Del
ACH-000971,HCT116,0.1097,ZNF358,In_Frame_Del
ACH-000971,HCT116,0.1097,ZNF358,Frame_Shift_Ins
