ccl,IC50,AUC
COLO205,0.0276,98.15
HT29,0.3554,473.08
LoVo,1.4619,500.7
SW480,10,660.18
SW620,7.8399,529.96
SNUC1,10,713.41
CW2,10,795.28
COLO 741,0.0983,254.63
HCT116,0.1097,378.18
HT55,1.4386,346.38
RKO,10,797.2
C2BBe1,10,890.97
Gp2D,0.0416,204.8
LS180,0.0721,348.24
SW403,0.1638,0
SW948,4.7724,549.19
DLD1,2.0404,438.97
SKCO1,0.0335,304.04
