ID,ccl,AUC,Hugo_Symbol,Variant_Classification
ACH-000926,HT55,346.38,ADCY5,Missense_Mutation
ACH-000926,HT55,346.38,ADCY5,Nonsense_Mutation
ACH-000926,HT55,346.38,ADCY5,Splice_Site
ACH-000957,LS180,348.24,ADCY5,Missense_Mutation
ACH-000820,SW403,0,BCOR,Missense_Mutation
ACH-000926,HT55,346.38,BCOR,Nonsense_Mutation
ACH-000926,HT55,346.38,BCOR,Missense_Mutation
ACH-000971,HCT116,378.18,BCOR,Frame_Shift_Ins
ACH-000971,HCT116,378.18,BCOR,Missense_Mutation
ACH-000926,HT55,346.38,DAPK1,Missense_Mutation
ACH-000957,LS180,348.24,DAPK1,Missense_Mutation
ACH-000971,HCT116,378.18,DAPK1,Missense_Mutation
ACH-001039,COLO205,98.15,DAPK1,Missense_Mutation
ACH-000926,HT55,346.38,DENND4A,Missense_Mutation
ACH-000957,LS180,348.24,DENND4A,Missense_Mutation
ACH-000957,LS180,348.24,DENND4A,Frame_Shift_Ins
ACH-000971,HCT116,378.18,DENND4A,Frame_Shift_Del
ACH-000820,SW403,0,DNAH7,Missense_Mutation
ACH-000957,LS180,348.24,DNAH7,Frame_Shift_Del
ACH-000971,HCT116,378.18,DNAH7,Frame_Shift_Del
ACH-001039,COLO205,98.15,DNAH7,Missense_Mutation
ACH-000957,LS180,348.24,LRRK2,Missense_Mutation
ACH-000971,HCT116,378.18,LRRK2,Missense_Mutation
ACH-001039,COLO205,98.15,LRRK2,Missense_Mutation
ACH-001039,COLO205,98.15,LRRK2,Nonsense_Mutation
ACH-000957,LS180,348.24,NSFL1C,Frame_Shift_Del
ACH-000971,HCT116,378.18,NSFL1C,Frame_Shift_Ins
ACH-001039,COLO205,98.15,NSFL1C,Missense_Mutation
ACH-001039,COLO205,98.15,NSFL1C,Frame_Shift_Ins
ACH-000926,HT55,346.38,TAF1L,Missense_Mutation
ACH-000957,LS180,348.24,TAF1L,Missense_Mutation
ACH-000957,LS180,348.24,TAF1L,Frame_Shift_Del
ACH-000971,HCT116,378.18,TAF1L,Frame_Shift_Del
ACH-001039,COLO205,98.15,TAF1L,Frame_Shift_Ins
ACH-000957,LS180,348.24,TESPA1,Nonsense_Mutation
ACH-000957,LS180,348.24,TESPA1,Missense_Mutation
ACH-000971,HCT116,378.18,TESPA1,Missense_Mutation
ACH-001039,COLO205,98.15,TESPA1,Missense_Mutation
ACH-000926,HT55,346.38,TLN2,Missense_Mutation
ACH-000971,HCT116,378.18,TLN2,Missense_Mutation
ACH-001039,COLO205,98.15,TLN2,Frame_Shift_Ins
ACH-001039,COLO205,98.15,TLN2,Missense_Mutation
ACH-000957,LS180,348.24,ZNF358,Frame_Shift_Del
ACH-000971,HCT116,378.18,ZNF358,Frame_Shift_Del
ACH-000971,HCT116,378.18,ZNF358,In_Frame_Del
ACH-000971,HCT116,378.18,ZNF358,Frame_Shift_Ins
